Month,Revenue,Expenses,Customers,New_Customers,Marketing_Spend,CAC,LTV,Profit,Burn_Rate,LTV_CAC_Ratio,Run_Rate
2025-01,85000,62000,420,45,12000,267,5200,23000,-23000,19.48,1020000
2025-02,92000,65000,455,40,12500,313,5250,27000,-27000,16.77,1104000
2025-03,98000,69000,490,42,13000,310,5350,29000,-29000,17.26,1176000
2025-04,105000,72000,530,48,14000,292,5450,33000,-33000,18.66,1260000
2025-05,112000,76000,570,50,14500,290,5550,36000,-36000,19.14,1344000
2025-06,120000,79000,615,55,15000,273,5650,41000,-41000,20.7,1440000
2025-07,128000,83000,660,52,15500,298,5750,45000,-45000,19.3,1536000
2025-08,137000,87000,710,58,16500,284,5900,50000,-50000,20.77,1644000
2025-09,145000,91000,760,60,17000,283,6050,54000,-54000,21.38,1740000
2025-10,154000,96000,815,65,18000,277,6200,58000,-58000,22.38,1848000
2025-11,165000,101000,875,70,19000,271,6350,64000,-64000,23.43,1980000
2025-12,178000,108000,940,75,20000,267,6500,70000,-70000,24.34,2136000
